2401; 0
-4; 0.756802
-3.99; 0.750228
-3.98; 0.743579
-3.97; 0.736856
-3.96; 0.730058
-3.95; 0.723188
-3.94; 0.716246
-3.93; 0.709231
-3.92; 0.702146
-3.91; 0.694991
-3.9; 0.687766
-3.89; 0.680473
-3.88; 0.673111
-3.87; 0.665682
-3.86; 0.658186
-3.85; 0.650625
-3.84; 0.642999
-3.83; 0.635308
-3.82; 0.627554
-3.81; 0.619737
-3.8; 0.611858
-3.79; 0.603918
-3.78; 0.595917
-3.77; 0.587857
-3.76; 0.579738
-3.75; 0.571561
-3.74; 0.563327
-3.73; 0.555037
-3.72; 0.546691
-3.71; 0.538291
-3.7; 0.529836
-3.69; 0.521329
-3.68; 0.512769
-3.67; 0.504159
-3.66; 0.495497
-3.65; 0.486787
-3.64; 0.478027
-3.63; 0.46922
-3.62; 0.460366
-3.61; 0.451466
-3.6; 0.44252
-3.59; 0.433531
-3.58; 0.424498
-3.57; 0.415423
-3.56; 0.406306
-3.55; 0.397148
-3.54; 0.387951
-3.53; 0.378715
-3.52; 0.369441
-3.51; 0.36013
-3.5; 0.350783
-3.49; 0.341401
-3.48; 0.331985
-3.47; 0.322536
-3.46; 0.313054
-3.45; 0.303542
-3.44; 0.293998
-3.43; 0.284426
-3.42; 0.274825
-3.41; 0.265196
-3.4; 0.255541
-3.39; 0.245861
-3.38; 0.236155
-3.37; 0.226427
-3.36; 0.216675
-3.35; 0.206902
-3.34; 0.197108
-3.33; 0.187295
-3.32; 0.177462
-3.31; 0.167612
-3.3; 0.157746
-3.29; 0.147863
-3.28; 0.137966
-3.27; 0.128055
-3.26; 0.118131
-3.25; 0.108195
-3.24; 0.0982486
-3.23; 0.0882922
-3.22; 0.078327
-3.21; 0.068354
-3.2; 0.0583741
-3.19; 0.0483884
-3.18; 0.0383979
-3.17; 0.0284035
-3.16; 0.0184063
-3.15; 0.00840725
-3.14; -0.00159265
-3.13; -0.0115924
-3.12; -0.021591
-3.11; -0.0315874
-3.1; -0.0415807
-3.09; -0.0515698
-3.08; -0.0615537
-3.07; -0.0715315
-3.06; -0.0815022
-3.05; -0.0914646
-3.04; -0.101418
-3.03; -0.111361
-3.02; -0.121293
-3.01; -0.131213
-3; -0.14112
-2.99; -0.151013
-2.98; -0.16089
-2.97; -0.170752
-2.96; -0.180596
-2.95; -0.190423
-2.94; -0.20023
-2.93; -0.210017
-2.92; -0.219784
-2.91; -0.229528
-2.9; -0.239249
-2.89; -0.248947
-2.88; -0.258619
-2.87; -0.268266
-2.86; -0.277886
-2.85; -0.287478
-2.84; -0.297041
-2.83; -0.306575
-2.82; -0.316078
-2.81; -0.325549
-2.8; -0.334988
-2.79; -0.344393
-2.78; -0.353764
-2.77; -0.3631
-2.76; -0.372399
-2.75; -0.381661
-2.74; -0.390885
-2.73; -0.400069
-2.72; -0.409214
-2.71; -0.418318
-2.7; -0.42738
-2.69; -0.436399
-2.68; -0.445375
-2.67; -0.454306
-2.66; -0.463191
-2.65; -0.472031
-2.64; -0.480823
-2.63; -0.489567
-2.62; -0.498262
-2.61; -0.506907
-2.6; -0.515501
-2.59; -0.524044
-2.58; -0.532535
-2.57; -0.540972
-2.56; -0.549355
-2.55; -0.557684
-2.54; -0.565956
-2.53; -0.574172
-2.52; -0.582331
-2.51; -0.590431
-2.5; -0.598472
-2.49; -0.606454
-2.48; -0.614374
-2.47; -0.622234
-2.46; -0.630031
-2.45; -0.637765
-2.44; -0.645435
-2.43; -0.653041
-2.42; -0.660581
-2.41; -0.668056
-2.4; -0.675463
-2.39; -0.682803
-2.38; -0.690075
-2.37; -0.697278
-2.36; -0.704411
-2.35; -0.711473
-2.34; -0.718465
-2.33; -0.725384
-2.32; -0.732231
-2.31; -0.739005
-2.3; -0.745705
-2.29; -0.752331
-2.28; -0.758881
-2.27; -0.765355
-2.26; -0.771753
-2.25; -0.778073
-2.24; -0.784316
-2.23; -0.79048
-2.22; -0.796565
-2.21; -0.802571
-2.2; -0.808496
-2.19; -0.814341
-2.18; -0.820104
-2.17; -0.825785
-2.16; -0.831383
-2.15; -0.836899
-2.14; -0.84233
-2.13; -0.847678
-2.12; -0.85294
-2.11; -0.858118
-2.1; -0.863209
-2.09; -0.868215
-2.08; -0.873133
-2.07; -0.877964
-2.06; -0.882707
-2.05; -0.887362
-2.04; -0.891929
-2.03; -0.896406
-2.02; -0.900793
-2.01; -0.905091
-2; -0.909297
-1.99; -0.913413
-1.98; -0.917438
-1.97; -0.921371
-1.96; -0.925212
-1.95; -0.92896
-1.94; -0.932615
-1.93; -0.936177
-1.92; -0.939645
-1.91; -0.94302
-1.9; -0.9463
-1.89; -0.949486
-1.88; -0.952576
-1.87; -0.955572
-1.86; -0.958471
-1.85; -0.961275
-1.84; -0.963983
-1.83; -0.966594
-1.82; -0.969109
-1.81; -0.971527
-1.8; -0.973848
-1.79; -0.976071
-1.78; -0.978197
-1.77; -0.980224
-1.76; -0.982154
-1.75; -0.983986
-1.74; -0.985719
-1.73; -0.987354
-1.72; -0.98889
-1.71; -0.990327
-1.7; -0.991665
-1.69; -0.992904
-1.68; -0.994043
-1.67; -0.995083
-1.66; -0.996024
-1.65; -0.996865
-1.64; -0.997606
-1.63; -0.998248
-1.62; -0.99879
-1.61; -0.999232
-1.6; -0.999574
-1.59; -0.999816
-1.58; -0.999958
-1.57; -1
-1.56; -0.999942
-1.55; -0.999784
-1.54; -0.999526
-1.53; -0.999168
-1.52; -0.99871
-1.51; -0.998152
-1.5; -0.997495
-1.49; -0.996738
-1.48; -0.995881
-1.47; -0.994924
-1.46; -0.993868
-1.45; -0.992713
-1.44; -0.991458
-1.43; -0.990105
-1.42; -0.988652
-1.41; -0.9871
-1.4; -0.98545
-1.39; -0.983701
-1.38; -0.981854
-1.37; -0.979908
-1.36; -0.977865
-1.35; -0.975723
-1.34; -0.973485
-1.33; -0.971148
-1.32; -0.968715
-1.31; -0.966185
-1.3; -0.963558
-1.29; -0.960835
-1.28; -0.958016
-1.27; -0.955101
-1.26; -0.95209
-1.25; -0.948985
-1.24; -0.945784
-1.23; -0.942489
-1.22; -0.939099
-1.21; -0.935616
-1.2; -0.932039
-1.19; -0.928369
-1.18; -0.924606
-1.17; -0.920751
-1.16; -0.916803
-1.15; -0.912764
-1.14; -0.908633
-1.13; -0.904412
-1.12; -0.9001
-1.11; -0.895699
-1.1; -0.891207
-1.09; -0.886627
-1.08; -0.881958
-1.07; -0.877201
-1.06; -0.872355
-1.05; -0.867423
-1.04; -0.862404
-1.03; -0.857299
-1.02; -0.852108
-1.01; -0.846832
-1; -0.841471
-0.99; -0.836026
-0.98; -0.830497
-0.97; -0.824886
-0.96; -0.819192
-0.95; -0.813416
-0.94; -0.807558
-0.93; -0.80162
-0.92; -0.795602
-0.91; -0.789504
-0.9; -0.783327
-0.89; -0.777072
-0.88; -0.770739
-0.87; -0.764329
-0.86; -0.757843
-0.85; -0.75128
-0.84; -0.744643
-0.83; -0.737931
-0.82; -0.731146
-0.81; -0.724287
-0.8; -0.717356
-0.79; -0.710353
-0.78; -0.703279
-0.77; -0.696135
-0.76; -0.688921
-0.75; -0.681639
-0.74; -0.674288
-0.73; -0.66687
-0.72; -0.659385
-0.71; -0.651834
-0.7; -0.644218
-0.69; -0.636537
-0.68; -0.628793
-0.67; -0.620986
-0.66; -0.613117
-0.65; -0.605186
-0.64; -0.597195
-0.63; -0.589145
-0.62; -0.581035
-0.61; -0.572867
-0.6; -0.564642
-0.59; -0.556361
-0.58; -0.548024
-0.57; -0.539632
-0.56; -0.531186
-0.55; -0.522687
-0.54; -0.514136
-0.53; -0.505533
-0.52; -0.49688
-0.51; -0.488177
-0.5; -0.479426
-0.49; -0.470626
-0.48; -0.461779
-0.47; -0.452886
-0.46; -0.443948
-0.45; -0.434966
-0.44; -0.425939
-0.43; -0.416871
-0.42; -0.40776
-0.41; -0.398609
-0.4; -0.389418
-0.39; -0.380188
-0.38; -0.37092
-0.37; -0.361615
-0.36; -0.352274
-0.35; -0.342898
-0.34; -0.333487
-0.33; -0.324043
-0.32; -0.314567
-0.31; -0.305059
-0.3; -0.29552
-0.29; -0.285952
-0.28; -0.276356
-0.27; -0.266731
-0.26; -0.257081
-0.25; -0.247404
-0.24; -0.237703
-0.23; -0.227978
-0.22; -0.21823
-0.21; -0.20846
-0.2; -0.198669
-0.19; -0.188859
-0.18; -0.17903
-0.17; -0.169182
-0.16; -0.159318
-0.15; -0.149438
-0.14; -0.139543
-0.13; -0.129634
-0.12; -0.119712
-0.11; -0.109778
-0.1; -0.0998334
-0.09; -0.0898785
-0.08; -0.0799147
-0.07; -0.0699428
-0.06; -0.059964
-0.05; -0.0499792
-0.04; -0.0399893
-0.03; -0.0299955
-0.02; -0.0199987
-0.01; -0.00999983
-4.09915e-14; -4.09915e-14
0.01; 0.00999983
0.02; 0.0199987
0.03; 0.0299955
0.04; 0.0399893
0.05; 0.0499792
0.06; 0.059964
0.07; 0.0699428
0.08; 0.0799147
0.09; 0.0898785
0.1; 0.0998334
0.11; 0.109778
0.12; 0.119712
0.13; 0.129634
0.14; 0.139543
0.15; 0.149438
0.16; 0.159318
0.17; 0.169182
0.18; 0.17903
0.19; 0.188859
0.2; 0.198669
0.21; 0.20846
0.22; 0.21823
0.23; 0.227978
0.24; 0.237703
0.25; 0.247404
0.26; 0.257081
0.27; 0.266731
0.28; 0.276356
0.29; 0.285952
0.3; 0.29552
0.31; 0.305059
0.32; 0.314567
0.33; 0.324043
0.34; 0.333487
0.35; 0.342898
0.36; 0.352274
0.37; 0.361615
0.38; 0.37092
0.39; 0.380188
0.4; 0.389418
0.41; 0.398609
0.42; 0.40776
0.43; 0.416871
0.44; 0.425939
0.45; 0.434966
0.46; 0.443948
0.47; 0.452886
0.48; 0.461779
0.49; 0.470626
0.5; 0.479426
0.51; 0.488177
0.52; 0.49688
0.53; 0.505533
0.54; 0.514136
0.55; 0.522687
0.56; 0.531186
0.57; 0.539632
0.58; 0.548024
0.59; 0.556361
0.6; 0.564642
0.61; 0.572867
0.62; 0.581035
0.63; 0.589145
0.64; 0.597195
0.65; 0.605186
0.66; 0.613117
0.67; 0.620986
0.68; 0.628793
0.69; 0.636537
0.7; 0.644218
0.71; 0.651834
0.72; 0.659385
0.73; 0.66687
0.74; 0.674288
0.75; 0.681639
0.76; 0.688921
0.77; 0.696135
0.78; 0.703279
0.79; 0.710353
0.8; 0.717356
0.81; 0.724287
0.82; 0.731146
0.83; 0.737931
0.84; 0.744643
0.85; 0.75128
0.86; 0.757843
0.87; 0.764329
0.88; 0.770739
0.89; 0.777072
0.9; 0.783327
0.91; 0.789504
0.92; 0.795602
0.93; 0.80162
0.94; 0.807558
0.95; 0.813416
0.96; 0.819192
0.97; 0.824886
0.98; 0.830497
0.99; 0.836026
1; 0.841471
1.01; 0.846832
1.02; 0.852108
1.03; 0.857299
1.04; 0.862404
1.05; 0.867423
1.06; 0.872355
1.07; 0.877201
1.08; 0.881958
1.09; 0.886627
1.1; 0.891207
1.11; 0.895699
1.12; 0.9001
1.13; 0.904412
1.14; 0.908633
1.15; 0.912764
1.16; 0.916803
1.17; 0.920751
1.18; 0.924606
1.19; 0.928369
1.2; 0.932039
1.21; 0.935616
1.22; 0.939099
1.23; 0.942489
1.24; 0.945784
1.25; 0.948985
1.26; 0.95209
1.27; 0.955101
1.28; 0.958016
1.29; 0.960835
1.3; 0.963558
1.31; 0.966185
1.32; 0.968715
1.33; 0.971148
1.34; 0.973485
1.35; 0.975723
1.36; 0.977865
1.37; 0.979908
1.38; 0.981854
1.39; 0.983701
1.4; 0.98545
1.41; 0.9871
1.42; 0.988652
1.43; 0.990105
1.44; 0.991458
1.45; 0.992713
1.46; 0.993868
1.47; 0.994924
1.48; 0.995881
1.49; 0.996738
1.5; 0.997495
1.51; 0.998152
1.52; 0.99871
1.53; 0.999168
1.54; 0.999526
1.55; 0.999784
1.56; 0.999942
1.57; 1
1.58; 0.999958
1.59; 0.999816
1.6; 0.999574
1.61; 0.999232
1.62; 0.99879
1.63; 0.998248
1.64; 0.997606
1.65; 0.996865
1.66; 0.996024
1.67; 0.995083
1.68; 0.994043
1.69; 0.992904
1.7; 0.991665
1.71; 0.990327
1.72; 0.98889
1.73; 0.987354
1.74; 0.985719
1.75; 0.983986
1.76; 0.982154
1.77; 0.980224
1.78; 0.978197
1.79; 0.976071
1.8; 0.973848
1.81; 0.971527
1.82; 0.969109
1.83; 0.966594
1.84; 0.963983
1.85; 0.961275
1.86; 0.958471
1.87; 0.955572
1.88; 0.952576
1.89; 0.949486
1.9; 0.9463
1.91; 0.94302
1.92; 0.939645
1.93; 0.936177
1.94; 0.932615
1.95; 0.92896
1.96; 0.925212
1.97; 0.921371
1.98; 0.917438
1.99; 0.913413
2; 0.909297
2.01; 0.905091
2.02; 0.900793
2.03; 0.896406
2.04; 0.891929
2.05; 0.887362
2.06; 0.882707
2.07; 0.877964
2.08; 0.873133
2.09; 0.868215
2.1; 0.863209
2.11; 0.858118
2.12; 0.85294
2.13; 0.847678
2.14; 0.84233
2.15; 0.836899
2.16; 0.831383
2.17; 0.825785
2.18; 0.820104
2.19; 0.814341
2.2; 0.808496
2.21; 0.802571
2.22; 0.796565
2.23; 0.79048
2.24; 0.784316
2.25; 0.778073
2.26; 0.771753
2.27; 0.765355
2.28; 0.758881
2.29; 0.752331
2.3; 0.745705
2.31; 0.739005
2.32; 0.732231
2.33; 0.725384
2.34; 0.718465
2.35; 0.711473
2.36; 0.704411
2.37; 0.697278
2.38; 0.690075
2.39; 0.682803
2.4; 0.675463
2.41; 0.668056
2.42; 0.660581
2.43; 0.653041
2.44; 0.645435
2.45; 0.637765
2.46; 0.630031
2.47; 0.622234
2.48; 0.614374
2.49; 0.606454
2.5; 0.598472
2.51; 0.590431
2.52; 0.582331
2.53; 0.574172
2.54; 0.565956
2.55; 0.557684
2.56; 0.549355
2.57; 0.540972
2.58; 0.532535
2.59; 0.524044
2.6; 0.515501
2.61; 0.506907
2.62; 0.498262
2.63; 0.489567
2.64; 0.480823
2.65; 0.472031
2.66; 0.463191
2.67; 0.454306
2.68; 0.445375
2.69; 0.436399
2.7; 0.42738
2.71; 0.418318
2.72; 0.409214
2.73; 0.400069
2.74; 0.390885
2.75; 0.381661
2.76; 0.372399
2.77; 0.3631
2.78; 0.353764
2.79; 0.344393
2.8; 0.334988
2.81; 0.325549
2.82; 0.316078
2.83; 0.306575
2.84; 0.297041
2.85; 0.287478
2.86; 0.277886
2.87; 0.268266
2.88; 0.258619
2.89; 0.248947
2.9; 0.239249
2.91; 0.229528
2.92; 0.219784
2.93; 0.210017
2.94; 0.20023
2.95; 0.190423
2.96; 0.180596
2.97; 0.170752
2.98; 0.16089
2.99; 0.151013
3; 0.14112
3.01; 0.131213
3.02; 0.121293
3.03; 0.111361
3.04; 0.101418
3.05; 0.0914646
3.06; 0.0815022
3.07; 0.0715315
3.08; 0.0615537
3.09; 0.0515698
3.1; 0.0415807
3.11; 0.0315874
3.12; 0.021591
3.13; 0.0115924
3.14; 0.00159265
3.15; -0.00840725
3.16; -0.0184063
3.17; -0.0284035
3.18; -0.0383979
3.19; -0.0483884
3.2; -0.0583741
3.21; -0.068354
3.22; -0.078327
3.23; -0.0882922
3.24; -0.0982486
3.25; -0.108195
3.26; -0.118131
3.27; -0.128055
3.28; -0.137966
3.29; -0.147863
3.3; -0.157746
3.31; -0.167612
3.32; -0.177462
3.33; -0.187295
3.34; -0.197108
3.35; -0.206902
3.36; -0.216675
3.37; -0.226427
3.38; -0.236155
3.39; -0.245861
3.4; -0.255541
3.41; -0.265196
3.42; -0.274825
3.43; -0.284426
3.44; -0.293998
3.45; -0.303542
3.46; -0.313054
3.47; -0.322536
3.48; -0.331985
3.49; -0.341401
3.5; -0.350783
3.51; -0.36013
3.52; -0.369441
3.53; -0.378715
3.54; -0.387951
3.55; -0.397148
3.56; -0.406306
3.57; -0.415423
3.58; -0.424498
3.59; -0.433531
3.6; -0.44252
3.61; -0.451466
3.62; -0.460366
3.63; -0.46922
3.64; -0.478027
3.65; -0.486787
3.66; -0.495497
3.67; -0.504159
3.68; -0.512769
3.69; -0.521329
3.7; -0.529836
3.71; -0.538291
3.72; -0.546691
3.73; -0.555037
3.74; -0.563327
3.75; -0.571561
3.76; -0.579738
3.77; -0.587857
3.78; -0.595917
3.79; -0.603918
3.8; -0.611858
3.81; -0.619737
3.82; -0.627554
3.83; -0.635308
3.84; -0.642999
3.85; -0.650625
3.86; -0.658186
3.87; -0.665682
3.88; -0.673111
3.89; -0.680473
3.9; -0.687766
3.91; -0.694991
3.92; -0.702146
3.93; -0.709231
3.94; -0.716246
3.95; -0.723188
3.96; -0.730058
3.97; -0.736856
3.98; -0.743579
3.99; -0.750228
4; -0.756802
4.01; -0.763301
4.02; -0.769723
4.03; -0.776068
4.04; -0.782336
4.05; -0.788525
4.06; -0.794636
4.07; -0.800667
4.08; -0.806618
4.09; -0.812488
4.1; -0.818277
4.11; -0.823984
4.12; -0.829609
4.13; -0.835151
4.14; -0.840609
4.15; -0.845984
4.16; -0.851273
4.17; -0.856478
4.18; -0.861597
4.19; -0.86663
4.2; -0.871576
4.21; -0.876435
4.22; -0.881206
4.23; -0.885889
4.24; -0.890484
4.25; -0.894989
4.26; -0.899405
4.27; -0.903732
4.28; -0.907967
4.29; -0.912112
4.3; -0.916166
4.31; -0.920128
4.32; -0.923998
4.33; -0.927776
4.34; -0.931461
4.35; -0.935053
4.36; -0.938551
4.37; -0.941955
4.38; -0.945266
4.39; -0.948481
4.4; -0.951602
4.41; -0.954628
4.42; -0.957558
4.43; -0.960392
4.44; -0.963131
4.45; -0.965773
4.46; -0.968319
4.47; -0.970767
4.48; -0.973119
4.49; -0.975373
4.5; -0.97753
4.51; -0.979589
4.52; -0.98155
4.53; -0.983413
4.54; -0.985178
4.55; -0.986844
4.56; -0.988411
4.57; -0.98988
4.58; -0.991249
4.59; -0.99252
4.6; -0.993691
4.61; -0.994763
4.62; -0.995735
4.63; -0.996608
4.64; -0.997381
4.65; -0.998054
4.66; -0.998628
4.67; -0.999102
4.68; -0.999476
4.69; -0.999749
4.7; -0.999923
4.71; -0.999997
4.72; -0.999971
4.73; -0.999845
4.74; -0.999619
4.75; -0.999293
4.76; -0.998867
4.77; -0.998341
4.78; -0.997715
4.79; -0.99699
4.8; -0.996165
4.81; -0.99524
4.82; -0.994216
4.83; -0.993092
4.84; -0.991869
4.85; -0.990547
4.86; -0.989125
4.87; -0.987605
4.88; -0.985986
4.89; -0.984269
4.9; -0.982453
4.91; -0.980538
4.92; -0.978526
4.93; -0.976416
4.94; -0.974208
4.95; -0.971903
4.96; -0.969501
4.97; -0.967001
4.98; -0.964405
4.99; -0.961713
5; -0.958924
5.01; -0.95604
5.02; -0.95306
5.03; -0.949984
5.04; -0.946814
5.05; -0.943549
5.06; -0.940189
5.07; -0.936736
5.08; -0.933189
5.09; -0.929548
5.1; -0.925815
5.11; -0.921989
5.12; -0.91807
5.13; -0.91406
5.14; -0.909959
5.15; -0.905767
5.16; -0.901484
5.17; -0.897111
5.18; -0.892648
5.19; -0.888096
5.2; -0.883455
5.21; -0.878725
5.22; -0.873908
5.23; -0.869004
5.24; -0.864012
5.25; -0.858934
5.26; -0.853771
5.27; -0.848522
5.28; -0.843188
5.29; -0.837769
5.3; -0.832267
5.31; -0.826682
5.32; -0.821014
5.33; -0.815264
5.34; -0.809433
5.35; -0.80352
5.36; -0.797527
5.37; -0.791455
5.38; -0.785303
5.39; -0.779073
5.4; -0.772764
5.41; -0.766379
5.42; -0.759917
5.43; -0.753379
5.44; -0.746765
5.45; -0.740077
5.46; -0.733315
5.47; -0.72648
5.48; -0.719572
5.49; -0.712592
5.5; -0.70554
5.51; -0.698418
5.52; -0.691227
5.53; -0.683966
5.54; -0.676637
5.55; -0.66924
5.56; -0.661776
5.57; -0.654246
5.58; -0.646651
5.59; -0.638991
5.6; -0.631267
5.61; -0.62348
5.62; -0.61563
5.63; -0.607719
5.64; -0.599747
5.65; -0.591716
5.66; -0.583625
5.67; -0.575475
5.68; -0.567269
5.69; -0.559005
5.7; -0.550686
5.71; -0.542311
5.72; -0.533882
5.73; -0.5254
5.74; -0.516865
5.75; -0.508279
5.76; -0.499642
5.77; -0.490955
5.78; -0.482218
5.79; -0.473434
5.8; -0.464602
5.81; -0.455724
5.82; -0.4468
5.83; -0.437832
5.84; -0.428819
5.85; -0.419764
5.86; -0.410667
5.87; -0.401529
5.88; -0.39235
5.89; -0.383133
5.9; -0.373877
5.91; -0.364583
5.92; -0.355254
5.93; -0.345888
5.94; -0.336488
5.95; -0.327055
5.96; -0.317589
5.97; -0.308091
5.98; -0.298562
5.99; -0.289003
6; -0.279415
6.01; -0.2698
6.02; -0.260157
6.03; -0.250489
6.04; -0.240795
6.05; -0.231078
6.06; -0.221337
6.07; -0.211574
6.08; -0.20179
6.09; -0.191986
6.1; -0.182163
6.11; -0.172321
6.12; -0.162462
6.13; -0.152587
6.14; -0.142697
6.15; -0.132792
6.16; -0.122874
6.17; -0.112944
6.18; -0.103002
6.19; -0.0930505
6.2; -0.0830894
6.21; -0.07312
6.22; -0.0631433
6.23; -0.0531602
6.24; -0.0431719
6.25; -0.0331792
6.26; -0.0231832
6.27; -0.0131849
6.28; -0.0031853
6.29; 0.00681464
6.3; 0.0168139
6.31; 0.0268115
6.32; 0.0368064
6.33; 0.0467976
6.34; 0.0567841
6.35; 0.066765
6.36; 0.0767392
6.37; 0.0867057
6.38; 0.0966635
6.39; 0.106612
6.4; 0.116549
6.41; 0.126475
6.42; 0.136388
6.43; 0.146288
6.44; 0.156173
6.45; 0.166042
6.46; 0.175895
6.47; 0.18573
6.48; 0.195547
6.49; 0.205344
6.5; 0.21512
6.51; 0.224875
6.52; 0.234607
6.53; 0.244316
6.54; 0.254001
6.55; 0.26366
6.56; 0.273293
6.57; 0.282898
6.58; 0.292476
6.59; 0.302024
6.6; 0.311541
6.61; 0.321028
6.62; 0.330482
6.63; 0.339904
6.64; 0.349291
6.65; 0.358644
6.66; 0.367961
6.67; 0.37724
6.68; 0.386483
6.69; 0.395686
6.7; 0.40485
6.71; 0.413973
6.72; 0.423055
6.73; 0.432095
6.74; 0.441092
6.75; 0.450044
6.76; 0.458951
6.77; 0.467813
6.78; 0.476628
6.79; 0.485395
6.8; 0.494113
6.81; 0.502782
6.82; 0.511401
6.83; 0.519969
6.84; 0.528485
6.85; 0.536948
6.86; 0.545357
6.87; 0.553711
6.88; 0.562011
6.89; 0.570254
6.9; 0.57844
6.91; 0.586568
6.92; 0.594637
6.93; 0.602648
6.94; 0.610597
6.95; 0.618486
6.96; 0.626313
6.97; 0.634077
6.98; 0.641778
6.99; 0.649415
7; 0.656987
7.01; 0.664493
7.02; 0.671932
7.03; 0.679305
7.04; 0.686609
7.05; 0.693845
7.06; 0.701011
7.07; 0.708108
7.08; 0.715133
7.09; 0.722087
7.1; 0.728969
7.11; 0.735778
7.12; 0.742513
7.13; 0.749174
7.14; 0.755761
7.15; 0.762271
7.16; 0.768705
7.17; 0.775063
7.18; 0.781343
7.19; 0.787545
7.2; 0.793668
7.21; 0.799712
7.22; 0.805675
7.23; 0.811559
7.24; 0.817361
7.25; 0.823081
7.26; 0.828719
7.27; 0.834274
7.28; 0.839746
7.29; 0.845133
7.3; 0.850437
7.31; 0.855655
7.32; 0.860787
7.33; 0.865834
7.34; 0.870794
7.35; 0.875667
7.36; 0.880452
7.37; 0.885149
7.38; 0.889758
7.39; 0.894278
7.4; 0.898708
7.41; 0.903049
7.42; 0.907299
7.43; 0.911458
7.44; 0.915526
7.45; 0.919503
7.46; 0.923388
7.47; 0.92718
7.48; 0.93088
7.49; 0.934487
7.5; 0.938
7.51; 0.941419
7.52; 0.944745
7.53; 0.947975
7.54; 0.951111
7.55; 0.954152
7.56; 0.957098
7.57; 0.959947
7.58; 0.962701
7.59; 0.965359
7.6; 0.96792
7.61; 0.970384
7.62; 0.972751
7.63; 0.975021
7.64; 0.977193
7.65; 0.979268
7.66; 0.981244
7.67; 0.983123
7.68; 0.984903
7.69; 0.986585
7.7; 0.988168
7.71; 0.989653
7.72; 0.991038
7.73; 0.992324
7.74; 0.993511
7.75; 0.994599
7.76; 0.995587
7.77; 0.996476
7.78; 0.997265
7.79; 0.997954
7.8; 0.998543
7.81; 0.999033
7.82; 0.999423
7.83; 0.999712
7.84; 0.999902
7.85; 0.999992
7.86; 0.999982
7.87; 0.999872
7.88; 0.999662
7.89; 0.999351
7.9; 0.998941
7.91; 0.998431
7.92; 0.997822
7.93; 0.997112
7.94; 0.996303
7.95; 0.995394
7.96; 0.994385
7.97; 0.993277
7.98; 0.99207
7.99; 0.990764
8; 0.989358
8.01; 0.987854
8.02; 0.986251
8.03; 0.984549
8.04; 0.982748
8.05; 0.98085
8.06; 0.978853
8.07; 0.976759
8.08; 0.974566
8.09; 0.972277
8.1; 0.96989
8.11; 0.967406
8.12; 0.964825
8.13; 0.962148
8.14; 0.959375
8.15; 0.956506
8.16; 0.953541
8.17; 0.95048
8.18; 0.947325
8.19; 0.944075
8.2; 0.940731
8.21; 0.937292
8.22; 0.93376
8.23; 0.930134
8.24; 0.926415
8.25; 0.922604
8.26; 0.918701
8.27; 0.914705
8.28; 0.910618
8.29; 0.90644
8.3; 0.902172
8.31; 0.897813
8.32; 0.893364
8.33; 0.888827
8.34; 0.8842
8.35; 0.879484
8.36; 0.874681
8.37; 0.869791
8.38; 0.864813
8.39; 0.859749
8.4; 0.854599
8.41; 0.849363
8.42; 0.844043
8.43; 0.838638
8.44; 0.833149
8.45; 0.827577
8.46; 0.821922
8.47; 0.816185
8.48; 0.810367
8.49; 0.804467
8.5; 0.798487
8.51; 0.792427
8.52; 0.786288
8.53; 0.78007
8.54; 0.773774
8.55; 0.767401
8.56; 0.760951
8.57; 0.754425
8.58; 0.747824
8.59; 0.741147
8.6; 0.734397
8.61; 0.727573
8.62; 0.720677
8.63; 0.713708
8.64; 0.706668
8.65; 0.699557
8.66; 0.692377
8.67; 0.685127
8.68; 0.677809
8.69; 0.670422
8.7; 0.662969
8.71; 0.65545
8.72; 0.647865
8.73; 0.640215
8.74; 0.632501
8.75; 0.624724
8.76; 0.616884
8.77; 0.608983
8.78; 0.601021
8.79; 0.592999
8.8; 0.584917
8.81; 0.576777
8.82; 0.568579
8.83; 0.560325
8.84; 0.552014
8.85; 0.543648
8.86; 0.535228
8.87; 0.526755
8.88; 0.518228
8.89; 0.50965
8.9; 0.501021
8.91; 0.492342
8.92; 0.483613
8.93; 0.474836
8.94; 0.466012
8.95; 0.457141
8.96; 0.448224
8.97; 0.439263
8.98; 0.430257
8.99; 0.421209
9; 0.412118
9.01; 0.402987
9.02; 0.393815
9.03; 0.384603
9.04; 0.375353
9.05; 0.366066
9.06; 0.356742
9.07; 0.347382
9.08; 0.337988
9.09; 0.328559
9.1; 0.319098
9.11; 0.309605
9.12; 0.300081
9.13; 0.290527
9.14; 0.280944
9.15; 0.271333
9.16; 0.261695
9.17; 0.252031
9.18; 0.242341
9.19; 0.232627
9.2; 0.22289
9.21; 0.21313
9.22; 0.20335
9.23; 0.193549
9.24; 0.183728
9.25; 0.173889
9.26; 0.164033
9.27; 0.154161
9.28; 0.144273
9.29; 0.13437
9.3; 0.124454
9.31; 0.114526
9.32; 0.104586
9.33; 0.0946361
9.34; 0.0846764
9.35; 0.0747083
9.36; 0.0647327
9.37; 0.0547506
9.38; 0.044763
9.39; 0.034771
9.4; 0.0247754
9.41; 0.0147774
9.42; 0.00477794
9.43; -0.00522202
9.44; -0.0152215
9.45; -0.0252194
9.46; -0.0352148
9.47; -0.0452066
9.48; -0.055194
9.49; -0.0651758
9.5; -0.0751511
9.51; -0.0851189
9.52; -0.0950782
9.53; -0.105028
9.54; -0.114967
9.55; -0.124895
9.56; -0.13481
9.57; -0.144712
9.58; -0.154599
9.59; -0.164471
9.6; -0.174327
9.61; -0.184165
9.62; -0.193984
9.63; -0.203785
9.64; -0.213564
9.65; -0.223323
9.66; -0.233059
9.67; -0.242772
9.68; -0.25246
9.69; -0.262124
9.7; -0.271761
9.71; -0.281371
9.72; -0.290952
9.73; -0.300505
9.74; -0.310028
9.75; -0.319519
9.76; -0.328979
9.77; -0.338406
9.78; -0.347799
9.79; -0.357157
9.8; -0.366479
9.81; -0.375765
9.82; -0.385013
9.83; -0.394223
9.84; -0.403393
9.85; -0.412523
9.86; -0.421612
9.87; -0.430658
9.88; -0.439662
9.89; -0.448621
9.9; -0.457536
9.91; -0.466405
9.92; -0.475227
9.93; -0.484002
9.94; -0.492728
9.95; -0.501405
9.96; -0.510032
9.97; -0.518608
9.98; -0.527132
9.99; -0.535603
10; -0.544021
10.01; -0.552384
10.02; -0.560693
10.03; -0.568945
10.04; -0.57714
10.05; -0.585277
10.06; -0.593356
10.07; -0.601376
10.08; -0.609335
10.09; -0.617234
10.1; -0.625071
10.11; -0.632845
10.12; -0.640556
10.13; -0.648203
10.14; -0.655785
10.15; -0.663302
10.16; -0.670752
10.17; -0.678135
10.18; -0.68545
10.19; -0.692697
10.2; -0.699875
10.21; -0.706982
10.22; -0.714019
10.23; -0.720985
10.24; -0.727878
10.25; -0.734698
10.26; -0.741446
10.27; -0.748118
10.28; -0.754717
10.29; -0.761239
10.3; -0.767686
10.31; -0.774056
10.32; -0.780348
10.33; -0.786562
10.34; -0.792698
10.35; -0.798754
10.36; -0.804731
10.37; -0.810627
10.38; -0.816442
10.39; -0.822175
10.4; -0.827826
10.41; -0.833395
10.42; -0.83888
10.43; -0.844281
10.44; -0.849598
10.45; -0.854829
10.46; -0.859976
10.47; -0.865036
10.48; -0.87001
10.49; -0.874896
10.5; -0.879696
10.51; -0.884407
10.52; -0.88903
10.53; -0.893564
10.54; -0.898009
10.55; -0.902363
10.56; -0.906628
10.57; -0.910802
10.58; -0.914885
10.59; -0.918876
10.6; -0.922775
10.61; -0.926583
10.62; -0.930297
10.63; -0.933919
10.64; -0.937447
10.65; -0.940881
10.66; -0.944221
10.67; -0.947467
10.68; -0.950618
10.69; -0.953674
10.7; -0.956635
10.71; -0.9595
10.72; -0.962269
10.73; -0.964942
10.74; -0.967518
10.75; -0.969998
10.76; -0.97238
10.77; -0.974666
10.78; -0.976854
10.79; -0.978944
10.8; -0.980936
10.81; -0.98283
10.82; -0.984626
10.83; -0.986324
10.84; -0.987923
10.85; -0.989423
10.86; -0.990824
10.87; -0.992126
10.88; -0.993329
10.89; -0.994432
10.9; -0.995436
10.91; -0.996341
10.92; -0.997146
10.93; -0.997851
10.94; -0.998456
10.95; -0.998962
10.96; -0.999367
10.97; -0.999673
10.98; -0.999879
10.99; -0.999984
11; -0.99999
11.01; -0.999896
11.02; -0.999702
11.03; -0.999407
11.04; -0.999013
11.05; -0.998519
11.06; -0.997925
11.07; -0.997232
11.08; -0.996438
11.09; -0.995545
11.1; -0.994553
11.11; -0.993461
11.12; -0.992269
11.13; -0.990978
11.14; -0.989589
11.15; -0.9881
11.16; -0.986513
11.17; -0.984826
11.18; -0.983042
11.19; -0.981159
11.2; -0.979178
11.21; -0.977099
11.22; -0.974922
11.23; -0.972648
11.24; -0.970276
11.25; -0.967808
11.26; -0.965243
11.27; -0.962581
11.28; -0.959823
11.29; -0.956969
11.3; -0.954019
11.31; -0.950974
11.32; -0.947834
11.33; -0.944599
11.34; -0.94127
11.35; -0.937846
11.36; -0.934329
11.37; -0.930718
11.38; -0.927014
11.39; -0.923217
11.4; -0.919329
11.41; -0.915348
11.42; -0.911275
11.43; -0.907112
11.44; -0.902858
11.45; -0.898513
11.46; -0.894079
11.47; -0.889555
11.48; -0.884943
11.49; -0.880241
11.5; -0.875452
11.51; -0.870575
11.52; -0.865612
11.53; -0.860561
11.54; -0.855425
11.55; -0.850203
11.56; -0.844896
11.57; -0.839504
11.58; -0.834029
11.59; -0.82847
11.6; -0.822829
11.61; -0.817105
11.62; -0.811299
11.63; -0.805412
11.64; -0.799445
11.65; -0.793398
11.66; -0.787271
11.67; -0.781066
11.68; -0.774782
11.69; -0.768421
11.7; -0.761984
11.71; -0.75547
11.72; -0.74888
11.73; -0.742216
11.74; -0.735477
11.75; -0.728665
11.76; -0.72178
11.77; -0.714823
11.78; -0.707794
11.79; -0.700695
11.8; -0.693525
11.81; -0.686286
11.82; -0.678979
11.83; -0.671603
11.84; -0.664161
11.85; -0.656652
11.86; -0.649077
11.87; -0.641438
11.88; -0.633734
11.89; -0.625967
11.9; -0.618137
11.91; -0.610246
11.92; -0.602293
11.93; -0.59428
11.94; -0.586208
11.95; -0.578077
11.96; -0.569889
11.97; -0.561643
11.98; -0.553342
11.99; -0.544984
12; -0.536573
12.01; -0.528108
12.02; -0.51959
12.03; -0.51102
12.04; -0.502399
12.05; -0.493727
12.06; -0.485007
12.07; -0.476237
12.08; -0.46742
12.09; -0.458557
12.1; -0.449647
12.11; -0.440693
12.12; -0.431695
12.13; -0.422653
12.14; -0.413569
12.15; -0.404444
12.16; -0.395278
12.17; -0.386073
12.18; -0.376829
12.19; -0.367548
12.2; -0.358229
12.21; -0.348875
12.22; -0.339486
12.23; -0.330063
12.24; -0.320607
12.25; -0.311119
12.26; -0.3016
12.27; -0.292051
12.28; -0.282473
12.29; -0.272866
12.3; -0.263232
12.31; -0.253571
12.32; -0.243886
12.33; -0.234176
12.34; -0.224442
12.35; -0.214686
12.36; -0.204909
12.37; -0.195111
12.38; -0.185294
12.39; -0.175458
12.4; -0.165604
12.41; -0.155734
12.42; -0.145849
12.43; -0.135948
12.44; -0.126035
12.45; -0.116108
12.46; -0.10617
12.47; -0.0962215
12.48; -0.0862633
12.49; -0.0762964
12.5; -0.0663219
12.51; -0.0563408
12.52; -0.046354
12.53; -0.0363626
12.54; -0.0263676
12.55; -0.0163699
12.56; -0.00637057
12.57; 0.00362938
12.58; 0.013629
12.59; 0.0236272
12.6; 0.033623
12.61; 0.0436155
12.62; 0.0536037
12.63; 0.0635865
12.64; 0.0735629
12.65; 0.0835319
12.66; 0.0934926
12.67; 0.103444
12.68; 0.113385
12.69; 0.123315
12.7; 0.133232
12.71; 0.143136
12.72; 0.153026
12.73; 0.1629
12.74; 0.172758
12.75; 0.182599
12.76; 0.192422
12.77; 0.202225
12.78; 0.212008
12.79; 0.22177
12.8; 0.23151
12.81; 0.241226
12.82; 0.250919
12.83; 0.260586
12.84; 0.270228
12.85; 0.279842
12.86; 0.289428
12.87; 0.298986
12.88; 0.308513
12.89; 0.31801
12.9; 0.327474
12.91; 0.336907
12.92; 0.346305
12.93; 0.355669
12.94; 0.364997
12.95; 0.374289
12.96; 0.383543
12.97; 0.392759
12.98; 0.401935
12.99; 0.411072
13; 0.420167
13.01; 0.42922
13.02; 0.438231
13.03; 0.447197
13.04; 0.456119
13.05; 0.464995
13.06; 0.473825
13.07; 0.482607
13.08; 0.491342
13.09; 0.500027
13.1; 0.508661
13.11; 0.517246
13.12; 0.525778
13.13; 0.534258
13.14; 0.542684
13.15; 0.551056
13.16; 0.559373
13.17; 0.567634
13.18; 0.575838
13.19; 0.583985
13.2; 0.592074
13.21; 0.600103
13.22; 0.608072
13.23; 0.61598
13.24; 0.623827
13.25; 0.631611
13.26; 0.639332
13.27; 0.646989
13.28; 0.654582
13.29; 0.662109
13.3; 0.66957
13.31; 0.676964
13.32; 0.68429
13.33; 0.691548
13.34; 0.698736
13.35; 0.705855
13.36; 0.712903
13.37; 0.71988
13.38; 0.726785
13.39; 0.733617
13.4; 0.740376
13.41; 0.747061
13.42; 0.753671
13.43; 0.760206
13.44; 0.766664
13.45; 0.773046
13.46; 0.779351
13.47; 0.785578
13.48; 0.791726
13.49; 0.797795
13.5; 0.803784
13.51; 0.809693
13.52; 0.815521
13.53; 0.821268
13.54; 0.826932
13.55; 0.832514
13.56; 0.838012
13.57; 0.843426
13.58; 0.848757
13.59; 0.854002
13.6; 0.859162
13.61; 0.864236
13.62; 0.869223
13.63; 0.874124
13.64; 0.878937
13.65; 0.883663
13.66; 0.8883
13.67; 0.892848
13.68; 0.897307
13.69; 0.901676
13.7; 0.905955
13.71; 0.910143
13.72; 0.91424
13.73; 0.918246
13.74; 0.922161
13.75; 0.925982
13.76; 0.929712
13.77; 0.933348
13.78; 0.936891
13.79; 0.94034
13.8; 0.943696
13.81; 0.946957
13.82; 0.950123
13.83; 0.953194
13.84; 0.95617
13.85; 0.95905
13.86; 0.961835
13.87; 0.964523
13.88; 0.967114
13.89; 0.969609
13.9; 0.972008
13.91; 0.974308
13.92; 0.976512
13.93; 0.978618
13.94; 0.980625
13.95; 0.982535
13.96; 0.984347
13.97; 0.98606
13.98; 0.987675
13.99; 0.98919
14; 0.990607
14.01; 0.991925
14.02; 0.993144
14.03; 0.994263
14.04; 0.995283
14.05; 0.996203
14.06; 0.997024
14.07; 0.997745
14.08; 0.998366
14.09; 0.998888
14.1; 0.999309
14.11; 0.999631
14.12; 0.999853
14.13; 0.999974
14.14; 0.999996
14.15; 0.999918
14.16; 0.999739
14.17; 0.999461
14.18; 0.999083
14.19; 0.998605
14.2; 0.998027
14.21; 0.997349
14.22; 0.996571
14.23; 0.995694
14.24; 0.994717
14.25; 0.993641
14.26; 0.992466
14.27; 0.991191
14.28; 0.989817
14.29; 0.988344
14.3; 0.986772
14.31; 0.985102
14.32; 0.983333
14.33; 0.981465
14.34; 0.9795
14.35; 0.977436
14.36; 0.975275
14.37; 0.973017
14.38; 0.970661
14.39; 0.968208
14.4; 0.965658
14.41; 0.963011
14.42; 0.960269
14.43; 0.95743
14.44; 0.954495
14.45; 0.951466
14.46; 0.94834
14.47; 0.945121
14.48; 0.941806
14.49; 0.938397
14.5; 0.934895
14.51; 0.931299
14.52; 0.92761
14.53; 0.923828
14.54; 0.919954
14.55; 0.915988
14.56; 0.91193
14.57; 0.907781
14.58; 0.903541
14.59; 0.899211
14.6; 0.894791
14.61; 0.890282
14.62; 0.885683
14.63; 0.880996
14.64; 0.876221
14.65; 0.871358
14.66; 0.866408
14.67; 0.861371
14.68; 0.856249
14.69; 0.85104
14.7; 0.845747
14.71; 0.840369
14.72; 0.834907
14.73; 0.829361
14.74; 0.823733
14.75; 0.818022
14.76; 0.812229
14.77; 0.806355
14.78; 0.800401
14.79; 0.794366
14.8; 0.788252
14.81; 0.782059
14.82; 0.775788
14.83; 0.76944
14.84; 0.763014
14.85; 0.756512
14.86; 0.749935
14.87; 0.743282
14.88; 0.736555
14.89; 0.729755
14.9; 0.722881
14.91; 0.715936
14.92; 0.708918
14.93; 0.70183
14.94; 0.694672
14.95; 0.687444
14.96; 0.680147
14.97; 0.672782
14.98; 0.665351
14.99; 0.657852
15; 0.650288
15.01; 0.642659
15.02; 0.634965
15.03; 0.627208
15.04; 0.619388
15.05; 0.611507
15.06; 0.603564
15.07; 0.595561
15.08; 0.587498
15.09; 0.579376
15.1; 0.571197
15.11; 0.56296
15.12; 0.554667
15.13; 0.546319
15.14; 0.537916
15.15; 0.529459
15.16; 0.52095
15.17; 0.512388
15.18; 0.503775
15.19; 0.495112
15.2; 0.486399
15.21; 0.477637
15.22; 0.468828
15.23; 0.459972
15.24; 0.451069
15.25; 0.442122
15.26; 0.433131
15.27; 0.424096
15.28; 0.415019
15.29; 0.4059
15.3; 0.396741
15.31; 0.387542
15.32; 0.378304
15.33; 0.369028
15.34; 0.359716
15.35; 0.350367
15.36; 0.340984
15.37; 0.331566
15.38; 0.322116
15.39; 0.312633
15.4; 0.303118
15.41; 0.293574
15.42; 0.284
15.43; 0.274398
15.44; 0.264768
15.45; 0.255112
15.46; 0.24543
15.47; 0.235724
15.48; 0.225994
15.49; 0.216242
15.5; 0.206467
15.51; 0.196673
15.52; 0.186858
15.53; 0.177025
15.54; 0.167175
15.55; 0.157307
15.56; 0.147424
15.57; 0.137526
15.58; 0.127614
15.59; 0.11769
15.6; 0.107754
15.61; 0.0978067
15.62; 0.0878499
15.63; 0.0778843
15.64; 0.067911
15.65; 0.0579308
15.66; 0.0479449
15.67; 0.0379541
15.68; 0.0279596
15.69; 0.0179623
15.7; 0.00796318
15.71; -0.00203673
15.72; -0.0120364
15.73; -0.0220349
15.74; -0.0320313
15.75; -0.0420244
15.76; -0.0520133
15.77; -0.0619969
15.78; -0.0719744
15.79; -0.0819447
15.8; -0.0919069
15.81; -0.10186
15.82; -0.111802
15.83; -0.121734
15.84; -0.131653
15.85; -0.14156
15.86; -0.151452
15.87; -0.161329
15.88; -0.171189
15.89; -0.181033
15.9; -0.190859
15.91; -0.200665
15.92; -0.210451
15.93; -0.220217
15.94; -0.22996
15.95; -0.23968
15.96; -0.249377
15.97; -0.259048
15.98; -0.268694
15.99; -0.278312
16; -0.287903
16.01; -0.297465
16.02; -0.306998
16.03; -0.316499
16.04; -0.325969
16.05; -0.335407
16.06; -0.34481
16.07; -0.35418
16.08; -0.363514
16.09; -0.372811
16.1; -0.382071
16.11; -0.391293
16.12; -0.400476
16.13; -0.409619
16.14; -0.418721
16.15; -0.427781
16.16; -0.436799
16.17; -0.445772
16.18; -0.454701
16.19; -0.463585
16.2; -0.472422
16.21; -0.481212
16.22; -0.489954
16.23; -0.498647
16.24; -0.50729
16.25; -0.515882
16.26; -0.524423
16.27; -0.532911
16.28; -0.541346
16.29; -0.549726
16.3; -0.558052
16.31; -0.566322
16.32; -0.574536
16.33; -0.582692
16.34; -0.590789
16.35; -0.598828
16.36; -0.606807
16.37; -0.614725
16.38; -0.622581
16.39; -0.630375
16.4; -0.638107
16.41; -0.645774
16.42; -0.653377
16.43; -0.660915
16.44; -0.668386
16.45; -0.675791
16.46; -0.683128
16.47; -0.690396
16.48; -0.697596
16.49; -0.704726
16.5; -0.711785
16.51; -0.718774
16.52; -0.72569
16.53; -0.732534
16.54; -0.739304
16.55; -0.746001
16.56; -0.752623
16.57; -0.75917
16.58; -0.765641
16.59; -0.772035
16.6; -0.778352
16.61; -0.784591
16.62; -0.790752
16.63; -0.796834
16.64; -0.802836
16.65; -0.808758
16.66; -0.814599
16.67; -0.820358
16.68; -0.826035
16.69; -0.83163
16.7; -0.837142
16.71; -0.84257
16.72; -0.847913
16.73; -0.853172
16.74; -0.858346
16.75; -0.863433
16.76; -0.868435
16.77; -0.873349
16.78; -0.878177
16.79; -0.882916
16.8; -0.887567
16.81; -0.892129
16.82; -0.896602
16.83; -0.900986
16.84; -0.905279
16.85; -0.909482
16.86; -0.913594
16.87; -0.917615
16.88; -0.921543
16.89; -0.92538
16.9; -0.929124
16.91; -0.932775
16.92; -0.936333
16.93; -0.939797
16.94; -0.943168
16.95; -0.946444
16.96; -0.949625
16.97; -0.952711
16.98; -0.955702
16.99; -0.958598
17; -0.961397
17.01; -0.964101
17.02; -0.966708
17.03; -0.969219
17.04; -0.971632
17.05; -0.973948
17.06; -0.976167
17.07; -0.978289
17.08; -0.980312
17.09; -0.982238
17.1; -0.984065
17.11; -0.985794
17.12; -0.987424
17.13; -0.988956
17.14; -0.990388
17.15; -0.991722
17.16; -0.992956
17.17; -0.994092
17.18; -0.995127
17.19; -0.996063
17.2; -0.9969
17.21; -0.997637
17.22; -0.998274
17.23; -0.998811
17.24; -0.999249
17.25; -0.999586
17.26; -0.999824
17.27; -0.999962
17.28; -0.999999
17.29; -0.999937
17.3; -0.999774
17.31; -0.999512
17.32; -0.99915
17.33; -0.998687
17.34; -0.998125
17.35; -0.997463
17.36; -0.996702
17.37; -0.99584
17.38; -0.99488
17.39; -0.993819
17.4; -0.992659
17.41; -0.9914
17.42; -0.990042
17.43; -0.988585
17.44; -0.987029
17.45; -0.985374
17.46; -0.983621
17.47; -0.981769
17.48; -0.979819
17.49; -0.977772
17.5; -0.975626
17.51; -0.973383
17.52; -0.971042
17.53; -0.968605
17.54; -0.96607
17.55; -0.963439
17.56; -0.960712
17.57; -0.957888
17.58; -0.954969
17.59; -0.951954
17.6; -0.948844
17.61; -0.94564
17.62; -0.94234
17.63; -0.938947
17.64; -0.935459
17.65; -0.931878
17.66; -0.928204
17.67; -0.924437
17.68; -0.920577
17.69; -0.916626
17.7; -0.912582
17.71; -0.908448
17.72; -0.904223
17.73; -0.899907
17.74; -0.895501
17.75; -0.891006
17.76; -0.886421
17.77; -0.881748
17.78; -0.876987
17.79; -0.872138
17.8; -0.867202
17.81; -0.862179
17.82; -0.85707
17.83; -0.851876
17.84; -0.846596
17.85; -0.841231
17.86; -0.835782
17.87; -0.83025
17.88; -0.824635
17.89; -0.818937
17.9; -0.813157
17.91; -0.807296
17.92; -0.801354
17.93; -0.795333
17.94; -0.789231
17.95; -0.783051
17.96; -0.776792
17.97; -0.770456
17.98; -0.764043
17.99; -0.757553
18; -0.750987
18.01; -0.744347
18.02; -0.737632
18.03; -0.730843
18.04; -0.723981
18.05; -0.717047
18.06; -0.710041
18.07; -0.702964
18.08; -0.695816
18.09; -0.688599
18.1; -0.681314
18.11; -0.67396
18.12; -0.666539
18.13; -0.659051
18.14; -0.651497
18.15; -0.643878
18.16; -0.636195
18.17; -0.628448
18.18; -0.620638
18.19; -0.612766
18.2; -0.604833
18.21; -0.596839
18.22; -0.588786
18.23; -0.580674
18.24; -0.572503
18.25; -0.564276
18.26; -0.555992
18.27; -0.547652
18.28; -0.539258
18.29; -0.53081
18.3; -0.522309
18.31; -0.513755
18.32; -0.50515
18.33; -0.496495
18.34; -0.48779
18.35; -0.479036
18.36; -0.470234
18.37; -0.461385
18.38; -0.45249
18.39; -0.44355
18.4; -0.434566
18.41; -0.425538
18.42; -0.416467
18.43; -0.407355
18.44; -0.398202
18.45; -0.389009
18.46; -0.379778
18.47; -0.370508
18.48; -0.361201
18.49; -0.351859
18.5; -0.342481
18.51; -0.333068
18.52; -0.323623
18.53; -0.314145
18.54; -0.304636
18.55; -0.295096
18.56; -0.285527
18.57; -0.275929
18.58; -0.266303
18.59; -0.256651
18.6; -0.246974
18.61; -0.237271
18.62; -0.227545
18.63; -0.217796
18.64; -0.208026
18.65; -0.198234
18.66; -0.188423
18.67; -0.178593
18.68; -0.168745
18.69; -0.15888
18.7; -0.148999
18.71; -0.139103
18.72; -0.129194
18.73; -0.119271
18.74; -0.109337
18.75; -0.0993915
18.76; -0.0894363
18.77; -0.079472
18.78; -0.0694998
18.79; -0.0595207
18.8; -0.0495356
18.81; -0.0395456
18.82; -0.0295516
18.83; -0.0195547
18.84; -0.00955578
18.85; 0.000444078
18.86; 0.0104439
18.87; 0.0204427
18.88; 0.0304394
18.89; 0.0404331
18.9; 0.0504227
18.91; 0.0604073
18.92; 0.0703858
18.93; 0.0803573
18.94; 0.0903208
18.95; 0.100275
18.96; 0.11022
18.97; 0.120153
18.98; 0.130074
18.99; 0.139983
19; 0.149877
19.01; 0.159757
19.02; 0.16962
19.03; 0.179466
19.04; 0.189295
19.05; 0.199105
19.06; 0.208894
19.07; 0.218663
19.08; 0.22841
19.09; 0.238134
19.1; 0.247834
19.11; 0.25751
19.12; 0.267159
19.13; 0.276782
19.14; 0.286378
19.15; 0.295944
19.16; 0.305482
19.17; 0.314988
19.18; 0.324463
19.19; 0.333906
19.2; 0.343315
19.21; 0.35269
19.22; 0.362029
19.23; 0.371333
19.24; 0.380599
19.25; 0.389827
19.26; 0.399017
19.27; 0.408166
19.28; 0.417274
19.29; 0.426341
19.3; 0.435365
19.31; 0.444346
19.32; 0.453282
19.33; 0.462173
19.34; 0.471018
19.35; 0.479815
19.36; 0.488565
19.37; 0.497265
19.38; 0.505916
19.39; 0.514517
19.4; 0.523066
19.41; 0.531562
19.42; 0.540006
19.43; 0.548395
19.44; 0.55673
19.45; 0.565009
19.46; 0.573231
19.47; 0.581397
19.48; 0.589504
19.49; 0.597552
19.5; 0.60554
19.51; 0.613468
19.52; 0.621334
19.53; 0.629138
19.54; 0.63688
19.55; 0.644557
19.56; 0.65217
19.57; 0.659718
19.58; 0.6672
19.59; 0.674616
19.6; 0.681964
19.61; 0.689243
19.62; 0.696454
19.63; 0.703595
19.64; 0.710666
19.65; 0.717665
19.66; 0.724593
19.67; 0.731449
19.68; 0.738231
19.69; 0.744939
19.7; 0.751573
19.71; 0.758132
19.72; 0.764615
19.73; 0.771022
19.74; 0.777351
19.75; 0.783603
19.76; 0.789776
19.77; 0.795871
19.78; 0.801885
19.79; 0.80782
19.8; 0.813674
19.81; 0.819446
19.82; 0.825137
19.83; 0.830745
19.84; 0.83627
19.85; 0.841711
19.86; 0.847068
19.87; 0.85234
19.88; 0.857528
19.89; 0.862629
19.9; 0.867644
19.91; 0.872572
19.92; 0.877414
19.93; 0.882167
19.94; 0.886832
19.95; 0.891409
19.96; 0.895896
19.97; 0.900294
19.98; 0.904602
19.99; 0.908819
20; 0.912945
1; 0
1.57079; 1
